{
    "accuracy": 0.8537074148296593,
    "confusion_matrix": [
        [
            184,
            12,
            7
        ],
        [
            10,
            105,
            23
        ],
        [
            4,
            17,
            137
        ]
    ],
    "classification_report": {
        "0": {
            "precision": 0.9292929292929293,
            "recall": 0.9064039408866995,
            "f1-score": 0.9177057356608479,
            "support": 203.0
        },
        "1": {
            "precision": 0.7835820895522388,
            "recall": 0.7608695652173914,
            "f1-score": 0.7720588235294118,
            "support": 138.0
        },
        "2": {
            "precision": 0.8203592814371258,
            "recall": 0.8670886075949367,
            "f1-score": 0.8430769230769231,
            "support": 158.0
        },
        "accuracy": 0.8537074148296593,
        "macro avg": {
            "precision": 0.8444114334274313,
            "recall": 0.8447873712330093,
            "f1-score": 0.844280494089061,
            "support": 499.0
        },
        "weighted avg": {
            "precision": 0.8545041271978746,
            "recall": 0.8537074148296593,
            "f1-score": 0.853796664994719,
            "support": 499.0
        }
    }
}